<?xml version="1.1" encoding="UTF-8"?>
<expression:EMFExpression xmi:version="2.0" xmlns:xmi="http://www.omg.org/XMI" xmlns:expression="http:///expression.ecore" id="tMap_1=>" expression="row6.Units_Sold*row6.Unit_Price">
  <variables name="row3.Region" value="null" talendType="id_String" nullable="true"/>
  <variables name="row3.Country" value="null" talendType="id_String" nullable="true"/>
  <variables name="row3.Item_Type" value="null" talendType="id_String" nullable="true"/>
  <variables name="row3.Sales_Channel" value="null" talendType="id_String" nullable="true"/>
  <variables name="row3.Order_Priority" value="null" talendType="id_String" nullable="true"/>
  <variables name="row3.Order_Date" value="null" talendType="id_String" nullable="true"/>
  <variables name="row3.Order_ID" value="null" talendType="id_Integer" nullable="true"/>
  <variables name="row3.Ship_Date" value="null" talendType="id_String" nullable="true"/>
  <variables name="row3.Units_Sold" value="null" talendType="id_Integer" nullable="true"/>
  <variables name="row3.Unit_Price" value="null" talendType="id_Double" nullable="true"/>
  <variables name="row3.Unit_Cost" value="null" talendType="id_Float" nullable="true"/>
  <variables name="" value="null" talendType="id_String"/>
  <variables name="row6.Region" value="null" talendType="id_String" nullable="true"/>
  <variables name="row6.Country" value="null" talendType="id_String" nullable="true"/>
  <variables name="row6.Item_Type" value="null" talendType="id_String" nullable="true"/>
  <variables name="row6.Sales_Channel" value="null" talendType="id_String" nullable="true"/>
  <variables name="row6.Order_Priority" value="null" talendType="id_String" nullable="true"/>
  <variables name="row6.Order_Date" value="null" talendType="id_Date" nullable="true"/>
  <variables name="row6.Order_ID" value="null" talendType="id_Integer" nullable="true"/>
  <variables name="row6.Ship_Date" value="null" talendType="id_String" nullable="true"/>
  <variables name="row6.Units_Sold" value="null" talendType="id_Integer" nullable="true"/>
  <variables name="row6.Unit_Price" value="null" talendType="id_Double" nullable="true"/>
  <variables name="row6.Unit_Cost" value="null" talendType="id_Float" nullable="true"/>
</expression:EMFExpression>
