<?xml version="1.1" encoding="UTF-8"?>
<expression:EMFExpression xmi:version="2.0" xmlns:xmi="http://www.omg.org/XMI" xmlns:expression="http:///expression.ecore" id="tMap_1=>" expression="row3.Unit_Price*row3.Units_Sold">
  <variables name="row3.Region" value="" talendType="id_String" nullable="true"/>
  <variables name="row3.Country" value="" talendType="id_String" nullable="true"/>
  <variables name="row3.Item_Type" value="" talendType="id_String" nullable="true"/>
  <variables name="row3.Sales_Channel" value="" talendType="id_String" nullable="true"/>
  <variables name="row3.Order_Priority" value="" talendType="id_String" nullable="true"/>
  <variables name="row3.Order_Date" value="" talendType="id_Date" nullable="true"/>
  <variables name="row3.Order_ID" value="" talendType="id_Integer" nullable="true"/>
  <variables name="row3.Ship_Date" value="" talendType="id_Date" nullable="true"/>
  <variables name="row3.Units_Sold" value="" talendType="id_Integer" nullable="true"/>
  <variables name="row3.Unit_Price" value="" talendType="id_Float" nullable="true"/>
  <variables name="row3.Unit_Cost" value="" talendType="id_Float" nullable="true"/>
  <variables name="name11" value="value11"/>
  <variables name="name12" value="value12"/>
  <variables name="name13" value="value13"/>
  <variables name="row3.Unit_Price*row3.Units_Sold " value="" talendType="id_String"/>
  <variables name=" " value="" talendType="id_String"/>
  <variables name="row3.Units_Sold*row3.Unit_Cost " value="0" talendType="id_Float"/>
  <variables name="(row3.Unit_Price*row3.Units_Sold)-(row3.Units_Sold*row3.Unit_Cost) " value="0" talendType="id_Float"/>
  <variables name="row3.Order_Priority row3.Regionrow3.Unit_Price*row3.Units_Sold " value="0" talendType="id_Float"/>
  <variables name="" value="0" talendType="id_Float"/>
</expression:EMFExpression>
